# scheme	alias	canonical_han	population_share
han	丁	丁	0
han	万	万	0
han	万俟	万俟	0
han	上官	上官	0
han	丛	丛	0
han	东方	东方	0
han	东郭	东郭	0
han	东野	东野	0
han	东门	东门	0
han	严	严	0
han	丰	丰	0
han	主父	主父	0
han	乌	乌	0
han	乐	乐	0
han	乔	乔	0
han	于	于	0
han	亓	亓	0
han	井	井	0
han	亢	亢	0
han	仇	仇	0
han	仝	仝	0
han	令狐	令狐	0
han	仲	仲	0
han	仲孙	仲孙	0
han	任	任	0
han	伊	伊	0
han	伍	伍	0
han	伏	伏	0
han	但	但	0
han	位	位	0
han	何	何	0
han	佘	佘	0
han	余	余	0
han	佟	佟	0
han	侯	侯	0
han	俞	俞	0
han	信	信	0
han	修	修	0
han	倪	倪	0
han	傅	傅	0
han	储	储	0
han	元	元	0
han	党	党	0
han	全	全	0
han	公	公	0
han	公冶	公冶	0
han	公孙	公孙	0
han	公户	公户	0
han	公羊	公羊	0
han	公良	公良	0
han	公西	公西	0
han	兰	兰	0
han	关	关	0
han	冀	冀	0
han	冉	冉	0
han	农	农	0
han	冯	冯	0
han	况	况	0
han	冶	冶	0
han	冷	冷	0
han	冼	冼	0
han	凌	凌	0
han	刁	刁	0
han	刘	刘	0
han	初	初	0
han	利	利	0
han	劳	劳	0
han	勾	勾	0
han	包	包	0
han	匡	匡	0
han	区	区	0
han	华	华	0
han	卓	卓	0
han	单	单	0
han	单于	单于	0
han	南	南	0
han	南宫	南宫	0
han	卜	卜	0
han	卞	卞	0
han	卢	卢	0
han	卫	卫	0
han	印	印	0
han	危	危	0
han	卿	卿	0
han	厉	厉	0
han	原	原	0
han	古	古	0
han	史	史	0
han	叶	叶	0
han	司	司	0
han	司寡	司寡	0
han	司徒	司徒	0
han	司空	司空	0
han	司马	司马	0
han	吉	吉	0
han	向	向	0
han	吕	吕	0
han	吴	吴	0
han	周	周	0
han	呼	呼	0
han	呼延	呼延	0
han	和	和	0
han	哈	哈	0
han	唐	唐	0
han	商	商	0
han	喻	喻	0
han	国	国	0
han	墨哈	墨哈	0
han	夏	夏	0
han	夏侯	夏侯	0
han	太叔	太叔	0
han	奉	奉	0
han	奚	奚	0
han	姚	姚	0
han	姜	姜	0
han	姬	姬	0
han	娄	娄	0
han	孔	孔	0
han	孙	孙	0
han	孟	孟	0
han	季	季	0
han	宁	宁	0
han	宇文	宇文	0
han	安	安	0
han	宋	宋	0
han	宗	宗	0
han	宗政	宗政	0
han	官	官	0
han	宣	宣	0
han	宫	宫	0
han	宰父	宰父	0
han	容	容	0
han	宾	宾	0
han	宿	宿	0
han	寇	寇	0
han	富	富	0
han	封	封	0
han	尉	尉	0
han	尉迟	尉迟	0
han	尚	尚	0
han	尤	尤	0
han	尧	尧	0
han	尹	尹	0
han	居	居	0
han	屈	屈	0
han	展	展	0
han	屠	屠	0
han	岑	岑	0
han	岳	岳	0
han	崔	崔	0
han	嵇	嵇	0
han	左	左	0
han	左丘	左丘	0
han	巩	巩	0
han	巫	巫	0
han	巫马	巫马	0
han	巴	巴	0
han	帅	帅	0
han	师	师	0
han	席	席	0
han	常	常	0
han	干	干	0
han	平	平	0
han	幸	幸	0
han	庄	庄	0
han	应	应	0
han	庞	庞	0
han	康	康	0
han	廉	廉	0
han	廖	廖	0
han	张	张	0
han	强	强	0
han	彭	彭	0
han	徐	徐	0
han	微生	微生	0
han	惠	惠	0
han	慕	慕	0
han	慕容	慕容	0
han	戈	戈	0
han	戎	戎	0
han	成	成	0
han	战	战	0
han	戚	戚	0
han	戴	戴	0
han	房	房	0
han	扈	扈	0
han	揭	揭	0
han	支	支	0
han	敖	敖	0
han	敬	敬	0
han	文	文	0
han	斯	斯	0
han	方	方	0
han	於	於	0
han	施	施	0
han	时	时	0
han	明	明	0
han	易	易	0
han	昝	昝	0
han	晁	晁	0
han	晋	晋	0
han	晏	晏	0
han	普	普	0
han	景	景	0
han	智	智	0
han	曲	曲	0
han	曹	曹	0
han	曾	曾	0
han	朱	朱	0
han	朴	朴	0
han	权	权	0
han	李	李	0
han	杜	杜	0
han	束	束	0
han	来	来	0
han	杨	杨	0
han	杭	杭	0
han	林	林	0
han	柏	柏	0
han	查	查	0
han	柯	柯	0
han	柳	柳	0
han	柴	柴	0
han	栗	栗	0
han	栾	栾	0
han	桂	桂	0
han	桑	桑	0
han	梁	梁	0
han	梁丘	梁丘	0
han	梅	梅	0
han	植	植	0
han	楚	楚	0
han	楼	楼	0
han	樊	樊	0
han	檀	檀	0
han	欧	欧	0
han	欧阳	欧阳	0
han	武	武	0
han	段	段	0
han	段干	段干	0
han	殷	殷	0
han	毌丘	毌丘	0
han	母	母	0
han	毕	毕	0
han	毛	毛	0
han	江	江	0
han	池	池	0
han	汤	汤	0
han	汪	汪	0
han	沈	沈	0
han	沙	沙	0
han	洪	洪	0
han	浦	浦	0
han	海	海	0
han	涂	涂	0
han	淳于	淳于	0
han	温	温	0
han	游	游	0
han	湛	湛	0
han	滕	滕	0
han	满	满	0
han	漆	漆	0
han	漆雕	漆雕	0
han	潘	潘	0
han	澹台	澹台	0
han	濮阳	濮阳	0
han	焦	焦	0
han	熊	熊	0
han	燕	燕	0
han	爱新觉罗	爱新觉罗	0
han	牛	牛	0
han	牟	牟	0
han	狄	狄	0
han	独孤	独孤	0
han	玉	玉	0
han	王	王	0
han	班	班	0
han	甄	甄	0
han	甘	甘	0
han	田	田	0
han	由	由	0
han	申	申	0
han	申屠	申屠	0
han	白	白	0
han	百里	百里	0
han	皇甫	皇甫	0
han	皮	皮	0
han	盖	盖	0
han	盘	盘	0
han	盛	盛	0
han	相	相	0
han	瞿	瞿	0
han	石	石	0
han	祁	祁	0
han	祖	祖	0
han	祝	祝	0
han	禹	禹	0
han	秦	秦	0
han	程	程	0
han	穆	穆	0
han	窦	窦	0
han	章	章	0
han	童	童	0
han	端木	端木	0
han	符	符	0
han	第二	第二	0
han	第五	第五	0
han	第八	第八	0
han	简	简	0
han	管	管	0
han	米	米	0
han	粟	粟	0
han	索	索	0
han	纪	纪	0
han	练	练	0
han	缪	缪	0
han	罗	罗	0
han	羊	羊	0
han	羊舌	羊舌	0
han	羊角	羊角	0
han	翁	翁	0
han	翟	翟	0
han	耿	耿	0
han	聂	聂	0
han	胡	胡	0
han	胥	胥	0
han	臧	臧	0
han	舒	舒	0
han	艾	艾	0
han	芦	芦	0
han	芮	芮	0
han	花	花	0
han	苏	苏	0
han	苑	苑	0
han	苗	苗	0
han	苟	苟	0
han	范	范	0
han	茅	茅	0
han	茹	茹	0
han	荆	荆	0
han	荣	荣	0
han	莫	莫	0
han	萧	萧	0
han	葛	葛	0
han	董	董	0
han	蒋	蒋	0
han	蒙	蒙	0
han	蒲	蒲	0
han	蓝	蓝	0
han	蔡	蔡	0
han	蔺	蔺	0
han	薄	薄	0
han	薛	薛	0
han	虞	虞	0
han	衡	衡	0
han	衣	衣	0
han	袁	袁	0
han	裘	裘	0
han	裴	裴	0
han	褚	褚	0
han	西门	西门	0
han	覃	覃	0
han	解	解	0
han	詹	詹	0
han	计	计	0
han	许	许	0
han	诸	诸	0
han	诸葛	诸葛	0
han	谈	谈	0
han	谌	谌	0
han	谢	谢	0
han	谭	谭	0
han	谷	谷	0
han	谷利	谷利	0
han	谷梁	谷梁	0
han	豆	豆	0
han	费	费	0
han	贺	贺	0
han	贾	贾	0
han	赖	赖	0
han	赫	赫	0
han	赫连	赫连	0
han	赵	赵	0
han	路	路	0
han	车	车	0
han	轩辕	轩辕	0
han	辛	辛	0
han	辜	辜	0
han	边	边	0
han	连	连	0
han	迟	迟	0
han	逯	逯	0
han	邓	邓	0
han	邝	邝	0
han	邢	邢	0
han	那	那	0
han	邬	邬	0
han	邰	邰	0
han	邱	邱	0
han	邵	邵	0
han	邸	邸	0
han	邹	邹	0
han	郁	郁	0
han	郎	郎	0
han	郑	郑	0
han	郜	郜	0
han	郝	郝	0
han	郭	郭	0
han	都	都	0
han	鄢	鄢	0
han	金	金	0
han	钟	钟	0
han	钦明	钦明	0
han	钱	钱	0
han	银	银	0
han	长孙	长孙	0
han	门	门	0
han	闭	闭	0
han	闵	闵	0
han	闻	闻	0
han	闻人	闻人	0
han	闾丘	闾丘	0
han	阎	阎	0
han	阙	阙	0
han	阚	阚	0
han	阮	阮	0
han	阳	阳	0
han	阴	阴	0
han	阿	阿	0
han	陆	陆	0
han	陈	陈	0
han	陶	陶	0
han	隆	隆	0
han	隋	隋	0
han	雍	雍	0
han	雲	雲	0
han	雷	雷	0
han	霍	霍	0
han	靳	靳	0
han	鞠	鞠	0
han	韦	韦	0
han	韩	韩	0
han	项	项	0
han	顾	顾	0
han	颜	颜	0
han	饶	饶	0
han	马	马	0
han	骆	骆	0
han	高	高	0
han	魏	魏	0
han	鲁	鲁	0
han	鲍	鲍	0
han	鲜	鲜	0
han	鲜于	鲜于	0
han	鹿	鹿	0
han	麦	麦	0
han	麻	麻	0
han	黄	黄	0
han	黎	黎	0
han	齐	齐	0
han	龙	龙	0
han	龚	龚	0
palladius	а	阿	0
palladius	ай	艾	0
palladius	ай синь цзюэ ло	爱新觉罗	0
palladius	айсиньцзюэло	爱新觉罗	0
palladius	ань	安	0
palladius	ао	敖	0
palladius	ба	巴	0
palladius	бай	柏,白	0
palladius	бай ли	百里	0
palladius	байли	百里	0
palladius	бань	班	0
palladius	бао	包,薄,鲍	0
palladius	би	毕,闭	0
palladius	бинь	宾	0
palladius	бо	卜	0
palladius	бянь	卞,边	0
palladius	ван	汪,王	0
palladius	вань	万	0
palladius	вэй	位,卫,危,尉,韦,魏	0
palladius	вэй шэн	微生	0
palladius	вэйшэн	微生	0
palladius	вэн	翁	0
palladius	вэнь	文,温,闻	0
palladius	вэнь жэнь	闻人	0
palladius	вэньжэнь	闻人	0
palladius	гай	盖	0
palladius	гань	干,甘	0
palladius	гао	郜,高	0
palladius	го	国,郭	0
palladius	гоу	勾,苟	0
palladius	гу	古,谷,辜,顾	0
palladius	гу ли	谷利	0
palladius	гу лян	谷梁	0
palladius	гуань	关,官,管	0
palladius	гуань цю	毌丘	0
palladius	гуаньцю	毌丘	0
palladius	гуй	桂	0
palladius	гули	谷利	0
palladius	гулян	谷梁	0
palladius	гун	公,宫,巩,龚	0
palladius	гун е	公冶	0
palladius	гун лян	公良	0
palladius	гун си	公西	0
palladius	гун сунь	公孙	0
palladius	гун ху	公户	0
palladius	гун ян	公羊	0
palladius	гуне	公冶	0
palladius	гунлян	公良	0
palladius	гунси	公西	0
palladius	гунсунь	公孙	0
palladius	гунху	公户	0
palladius	гунян	公羊	0
palladius	гэ	戈,葛	0
palladius	гэн	耿	0
palladius	дай	戴	0
palladius	дан	党	0
palladius	дань	但,单	0
palladius	ди	狄,翟,邸	0
palladius	ди ба	第八	0
palladius	ди у	第五	0
palladius	ди эр	第二	0
palladius	диба	第八	0
palladius	дин	丁	0
palladius	диу	第五	0
palladius	диэр	第二	0
palladius	доу	窦,豆,都	0
palladius	ду	杜	0
palladius	ду гу	独孤	0
palladius	дуань	段	0
palladius	дуань гань	段干	0
palladius	дуань му	端木	0
palladius	дуаньгань	段干	0
palladius	дуаньму	端木	0
palladius	дугу	独孤	0
palladius	дун	董	0
palladius	дун го	东郭	0
palladius	дун е	东野	0
palladius	дун мэнь	东门	0
palladius	дун фан	东方	0
palladius	дунго	东郭	0
palladius	дуне	东野	0
palladius	дунмэнь	东门	0
palladius	дунфан	东方	0
palladius	дэн	邓	0
palladius	дяо	刁	0
palladius	е	冶,叶	0
palladius	жань	冉	0
palladius	жао	饶	0
palladius	жу	茹	0
palladius	жуань	阮	0
palladius	жуй	芮	0
palladius	жун	容,戎,荣	0
palladius	жэнь	任	0
palladius	и	伊,易,衣	0
palladius	ин	应	0
palladius	инь	印,尹,殷,银,阴	0
palladius	кан	亢,康	0
palladius	коу	寇	0
palladius	куан	况,匡,邝	0
palladius	кун	孔	0
palladius	кэ	柯	0
palladius	лай	来,赖	0
palladius	лан	郎	0
palladius	лань	兰,蓝	0
palladius	лао	劳	0
palladius	ли	利,厉,李,栗,黎	0
palladius	лин	凌	0
palladius	лин ху	令狐	0
palladius	линху	令狐	0
palladius	линь	林,蔺	0
palladius	ло	罗,骆	0
palladius	лоу	娄,楼	0
palladius	лу	卢,芦,路,逯,陆,鲁,鹿	0
palladius	луань	栾	0
palladius	лун	隆,龙	0
palladius	лэ	乐	0
palladius	лэй	雷	0
palladius	лэн	冷	0
palladius	лю	刘,柳	0
palladius	люй	吕	0
palladius	люй цю	闾丘	0
palladius	люйцю	闾丘	0
palladius	лян	梁	0
palladius	лян цю	梁丘	0
palladius	лянцю	梁丘	0
palladius	лянь	廉,练,连	0
palladius	ляо	廖	0
palladius	ма	马,麻	0
palladius	май	麦	0
palladius	мань	满	0
palladius	мао	毛,茅	0
palladius	ми	米	0
palladius	мин	明	0
palladius	минь	闵	0
palladius	мо	莫	0
palladius	мо ха	墨哈	0
palladius	мо ци	万俟	0
palladius	моу	牟,缪	0
palladius	моха	墨哈	0
palladius	моци	万俟	0
palladius	му	慕,母,穆	0
palladius	му жун	慕容	0
palladius	мужун	慕容	0
palladius	мэй	梅	0
palladius	мэн	孟,蒙	0
palladius	мэнь	门	0
palladius	мяо	苗	0
palladius	на	那	0
palladius	нань	南	0
palladius	нань гун	南宫	0
palladius	наньгун	南宫	0
palladius	не	聂	0
palladius	ни	倪	0
palladius	нин	宁	0
palladius	нун	农	0
palladius	ню	牛	0
palladius	оу	欧	0
palladius	оу ян	欧阳	0
palladius	оуян	欧阳	0
palladius	пан	庞	0
palladius	пань	潘,盘	0
palladius	пи	皮	0
palladius	пин	平	0
palladius	пу	普,朴,浦,蒲	0
palladius	пу ян	濮阳	0
palladius	пуян	濮阳	0
palladius	пэй	裴	0
palladius	пэн	彭	0
palladius	сан	桑	0
palladius	се	谢	0
palladius	си	奚,席	0
palladius	си мэнь	西门	0
palladius	симэнь	西门	0
palladius	син	幸,邢	0
palladius	синь	信,辛	0
palladius	со	索	0
palladius	су	宿,粟,苏	0
palladius	суй	隋	0
palladius	сун	宋	0
palladius	сунь	孙	0
palladius	сы	司,斯	0
palladius	сы гуа	司寡	0
palladius	сы кун	司空	0
palladius	сы ма	司马	0
palladius	сы ту	司徒	0
palladius	сыгуа	司寡	0
palladius	сыкун	司空	0
palladius	сыма	司马	0
palladius	сыту	司徒	0
palladius	сю	修	0
palladius	сюань	宣	0
palladius	сюань юань	轩辕	0
palladius	сюаньюань	轩辕	0
palladius	сюй	徐,胥,许	0
palladius	сюн	熊	0
palladius	сюэ	薛	0
palladius	ся	夏	0
palladius	ся хоу	夏侯	0
palladius	сян	向,相,项	0
palladius	сянь	冼,鲜	0
palladius	сянь юй	鲜于	0
palladius	сяньюй	鲜于	0
palladius	сяо	萧	0
palladius	сяхоу	夏侯	0
palladius	тай	邰	0
palladius	тай шу	太叔	0
palladius	тайшу	太叔	0
palladius	тан	唐,汤	0
palladius	тань	檀,覃,谈,谭	0
palladius	тань тай	澹台	0
palladius	таньтай	澹台	0
palladius	тао	陶	0
palladius	ту	屠,涂	0
palladius	тун	仝,佟,童	0
palladius	тэн	滕	0
palladius	тянь	田	0
palladius	у	乌,伍,吴,巫,武,邬	0
palladius	у ма	巫马	0
palladius	ума	巫马	0
palladius	фан	房,方	0
palladius	фань	樊,范	0
palladius	фу	伏,傅,富,符	0
palladius	фэй	费	0
palladius	фэн	丰,冯,奉,封	0
palladius	ха	哈	0
palladius	хай	海	0
palladius	хан	杭	0
palladius	хань	阚,韩	0
palladius	хао	郝	0
palladius	хо	霍	0
palladius	хоу	侯	0
palladius	ху	呼,扈,胡	0
palladius	ху янь	呼延	0
palladius	хуа	华,花	0
palladius	хуан	黄	0
palladius	хуан фу	皇甫	0
palladius	хуанфу	皇甫	0
palladius	хуй	惠	0
palladius	хун	洪	0
palladius	хуянь	呼延	0
palladius	хэ	何,和,贺,赫	0
palladius	хэ лянь	赫连	0
palladius	хэлянь	赫连	0
palladius	хэн	衡	0
palladius	цай	蔡	0
palladius	цао	曹	0
palladius	цзай фу	宰父	0
palladius	цзайфу	宰父	0
palladius	цзан	臧	0
palladius	цзань	昝	0
palladius	цзе	揭,解	0
palladius	цзи	冀,吉,姬,季,嵇,纪,计	0
palladius	цзин	井,敬,景,荆	0
palladius	цзинь	晋,金,靳	0
palladius	цзо	左	0
palladius	цзо цю	左丘	0
palladius	цзоу	邹	0
palladius	цзоцю	左丘	0
palladius	цзу	祖	0
palladius	цзун	宗	0
palladius	цзун чжэн	宗政	0
palladius	цзунчжэн	宗政	0
palladius	цзюй	居,鞠	0
palladius	цзя	贾	0
palladius	цзян	姜,江,蒋	0
palladius	цзянь	简	0
palladius	цзяо	焦	0
palladius	ци	亓,戚,漆,祁,齐	0
palladius	ци дяо	漆雕	0
palladius	цидяо	漆雕	0
palladius	цин	卿	0
palladius	цинь	秦	0
palladius	цинь мин	钦明	0
palladius	циньмин	钦明	0
palladius	цуй	崔	0
palladius	цун	丛	0
palladius	цэн	曾	0
palladius	цэнь	岑	0
palladius	цю	裘,邱	0
palladius	цюань	全,权	0
palladius	цюй	区,屈,曲,瞿	0
palladius	цюэ	阙	0
palladius	цян	强	0
palladius	цянь	钱	0
palladius	цяо	乔	0
palladius	ча	查	0
palladius	чай	柴	0
palladius	чан	常	0
palladius	чань юй	单于	0
palladius	чаньюй	单于	0
palladius	чао	晁	0
palladius	чжан	张,章	0
palladius	чжан сунь	长孙	0
palladius	чжансунь	长孙	0
palladius	чжань	展,战,湛,詹	0
palladius	чжао	赵	0
palladius	чжи	支,智,植	0
palladius	чжо	卓	0
palladius	чжоу	周	0
palladius	чжу	朱,祝,诸	0
palladius	чжу гэ	诸葛	0
palladius	чжу фу	主父	0
palladius	чжуан	庄	0
palladius	чжугэ	诸葛	0
palladius	чжун	仲,钟	0
palladius	чжун сунь	仲孙	0
palladius	чжунсунь	仲孙	0
palladius	чжуфу	主父	0
palladius	чжэн	郑	0
palladius	чжэнь	甄	0
palladius	чи	池,迟	0
palladius	чоу	仇	0
palladius	чу	储,初,楚,褚	0
palladius	чунь юй	淳于	0
palladius	чуньюй	淳于	0
palladius	чэ	车	0
palladius	чэн	成,程	0
palladius	чэнь	谌,陈	0
palladius	ша	沙	0
palladius	шан	商,尚	0
palladius	шан гуань	上官	0
palladius	шангуань	上官	0
palladius	шао	邵	0
palladius	ши	史,师,施,时,石	0
palladius	шу	束,舒	0
palladius	шуай	帅	0
palladius	шэ	佘	0
palladius	шэн	盛	0
palladius	шэнь	沈,申	0
palladius	шэнь ту	申屠	0
palladius	шэньту	申屠	0
palladius	ю	尤,游,由	0
palladius	юань	元,原,苑,袁	0
palladius	юй	于,余,俞,喻,於,玉,禹,虞,郁	0
palladius	юй вэнь	宇文	0
palladius	юй чи	尉迟	0
palladius	юйвэнь	宇文	0
palladius	юйчи	尉迟	0
palladius	юн	雍	0
palladius	юнь	雲	0
palladius	юэ	岳	0
palladius	ян	杨,羊,阳	0
palladius	ян цзяо	羊角	0
palladius	ян шэ	羊舌	0
palladius	янцзяо	羊角	0
palladius	яншэ	羊舌	0
palladius	янь	严,晏,燕,鄢,阎,颜	0
palladius	яо	姚,尧	0
pinyin	a	阿	0.0100
pinyin	ai	艾	0.0520
pinyin	ai xin jue luo	爱新觉罗	0
pinyin	aixinjueluo	爱新觉罗	0
pinyin	an	安	0.1300
pinyin	ao	敖	0.0260
pinyin	ba	巴	0.0130
pinyin	bai	柏,白	0.3150
pinyin	bai li	百里	0
pinyin	baili	百里	0
pinyin	ban	班	0.0210
pinyin	bao	包,薄,鲍	0.1490
pinyin	bi	毕,闭	0.0840
pinyin	bian	卞,边	0.0640
pinyin	bin	宾	0.0077
pinyin	bo	卜	0.0110
pinyin	cai	蔡	0.5300
pinyin	cao	曹	0.6000
pinyin	cen	岑	0.0390
pinyin	ceng	曾	0
pinyin	cha	查	0
pinyin	chai	柴	0.0650
pinyin	chan yu	单于	0
pinyin	chang	常	0.1600
pinyin	chanyu	单于	0
pinyin	chao	晁	0.0110
pinyin	che	车	0.0430
pinyin	chen	谌,陈	4.6290
pinyin	cheng	成,程	0.5250
pinyin	chi	池,迟	0.0490
pinyin	chou	仇	0
pinyin	chu	储,初,楚,褚	0.0940
pinyin	chun yu	淳于	0
pinyin	chunyu	淳于	0
pinyin	cong	丛	0.0270
pinyin	cui	崔	0.3800
pinyin	dai	戴	0.3400
pinyin	dan	但,单	0.0072
pinyin	dang	党	0.0390
pinyin	deng	邓	0.6200
pinyin	di	狄,翟,邸	0.0240
pinyin	di ba	第八	0
pinyin	di er	第二	0
pinyin	di wu	第五	0
pinyin	diao	刁	0.0300
pinyin	diba	第八	0
pinyin	dier	第二	0
pinyin	ding	丁	0.4300
pinyin	diwu	第五	0
pinyin	dong	董	0.5100
pinyin	dong fang	东方	0
pinyin	dong guo	东郭	0
pinyin	dong men	东门	0
pinyin	dong ye	东野	0
pinyin	dongfang	东方	0
pinyin	dongguo	东郭	0
pinyin	dongmen	东门	0
pinyin	dongye	东野	0
pinyin	dou	窦,豆,都	0.0540
pinyin	du	杜	0.4810
pinyin	du gu	独孤	0
pinyin	duan	段	0.2400
pinyin	duan gan	段干	0
pinyin	duan mu	端木	0
pinyin	duangan	段干	0
pinyin	duanmu	端木	0
pinyin	dugu	独孤	0
pinyin	fan	樊,范	0.5100
pinyin	fang	房,方	0.3660
pinyin	fei	费	0.0390
pinyin	feng	丰,冯,奉,封	0.6624
pinyin	fu	伏,傅,富,符	0.4993
pinyin	gai	盖	0
pinyin	gan	干,甘	0.1022
pinyin	gao	郜,高	1.0150
pinyin	ge	戈,盖,葛	0.1750
pinyin	geng	耿	0.1100
pinyin	gong	公,宫,巩,龚	0.2732
pinyin	gong hu	公户	0
pinyin	gong liang	公良	0
pinyin	gong sun	公孙	0
pinyin	gong xi	公西	0
pinyin	gong yang	公羊	0
pinyin	gong ye	公冶	0
pinyin	gonghu	公户	0
pinyin	gongliang	公良	0
pinyin	gongsun	公孙	0
pinyin	gongxi	公西	0
pinyin	gongyang	公羊	0
pinyin	gongye	公冶	0
pinyin	gou	勾,苟	0.0396
pinyin	gu	古,谷,辜,顾	0.3280
pinyin	gu li	谷利	0
pinyin	gu liang	谷梁	0
pinyin	guan	关,官,管	0.1880
pinyin	guan qiu	毌丘	0
pinyin	guanqiu	毌丘	0
pinyin	gui	桂	0.0330
pinyin	guli	谷利	0
pinyin	guliang	谷梁	0
pinyin	guo	国,郭	1.1430
pinyin	ha	哈	0.0081
pinyin	hai	海	0.0150
pinyin	han	阚,韩	0.6100
pinyin	hang	杭	0.0100
pinyin	hao	郝	0.2000
pinyin	he	何,和,贺,赫	1.3110
pinyin	he lian	赫连	0
pinyin	helian	赫连	0
pinyin	heng	衡	0.0063
pinyin	hong	洪	0.1800
pinyin	hou	侯	0.3000
pinyin	hu	呼,扈,胡	1.1784
pinyin	hu yan	呼延	0
pinyin	hua	华,花	0.0760
pinyin	huang	黄	2.4500
pinyin	huang fu	皇甫	0
pinyin	huangfu	皇甫	0
pinyin	hui	惠	0.0220
pinyin	huo	霍	0.0750
pinyin	huyan	呼延	0
pinyin	ji	冀,吉,姬,季,嵇,纪,计	0.2722
pinyin	jia	贾	0.3300
pinyin	jian	简	0.0430
pinyin	jiang	姜,江,蒋	1.1500
pinyin	jiao	焦	0.1000
pinyin	jie	揭,解	0.0073
pinyin	jin	晋,金,靳	0.4310
pinyin	jing	井,敬,景,荆	0.0850
pinyin	ju	居,鞠	0.0304
pinyin	kang	亢,康	0.1683
pinyin	ke	柯	0.0800
pinyin	kong	孔	0.1700
pinyin	kou	寇	0.0290
pinyin	kuang	况,匡,邝	0.0564
pinyin	lai	来,赖	0.1910
pinyin	lan	兰,蓝	0.1720
pinyin	lang	郎	0.0280
pinyin	lao	劳	0.0190
pinyin	le	乐	0
pinyin	lei	雷	0.2400
pinyin	leng	冷	0.0380
pinyin	li	利,厉,李,栗,黎	7.2636
pinyin	lian	廉,练,连	0.0710
pinyin	liang	梁	0.8500
pinyin	liang qiu	梁丘	0
pinyin	liangqiu	梁丘	0
pinyin	liao	廖	0.3700
pinyin	lin	林,蔺	1.1470
pinyin	ling	凌	0.0780
pinyin	ling hu	令狐	0
pinyin	linghu	令狐	0
pinyin	liu	刘,柳	5.2000
pinyin	long	隆,龙	0.2190
pinyin	lou	娄,楼	0.0570
pinyin	lu	卢,芦,路,逯,陆,鲁,鹿	1.4541
pinyin	luan	栾	0.0300
pinyin	luo	罗,骆	1.0230
pinyin	lv	吕	0
pinyin	lv qiu	闾丘	0
pinyin	lvqiu	闾丘	0
pinyin	ma	马,麻	1.3150
pinyin	mai	麦	0.0410
pinyin	man	满	0.0160
pinyin	mao	毛,茅	0.2076
pinyin	mei	梅	0.0790
pinyin	men	门	0.0120
pinyin	meng	孟,蒙	0.3520
pinyin	mi	米	0.0350
pinyin	miao	苗	0.1180
pinyin	min	闵	0.0320
pinyin	ming	明	0.0260
pinyin	mo	莫	0.1800
pinyin	mo ha	墨哈	0
pinyin	mo qi	万俟	0
pinyin	moha	墨哈	0
pinyin	moqi	万俟	0
pinyin	mou	牟,缪	0
pinyin	mu	慕,母,穆	0.1196
pinyin	mu rong	慕容	0
pinyin	murong	慕容	0
pinyin	na	那	0.0093
pinyin	nan	南	0.0210
pinyin	nan gong	南宫	0
pinyin	nangong	南宫	0
pinyin	ni	倪	0.1200
pinyin	nie	聂	0.1200
pinyin	ning	宁	0.0830
pinyin	niu	牛	0.1500
pinyin	nong	农	0.0470
pinyin	ou	区,欧	0.1250
pinyin	ou yang	欧阳	0.0680
pinyin	ouyang	欧阳	0.0680
pinyin	pan	潘,盘	0.5370
pinyin	pang	庞	0.1300
pinyin	pei	裴	0.0760
pinyin	peng	彭	0.5800
pinyin	pi	皮	0.0170
pinyin	piao	朴	0.0140
pinyin	ping	平	0.0130
pinyin	pu	普,朴,浦,蒲	0.0780
pinyin	pu yang	濮阳	0
pinyin	puyang	濮阳	0
pinyin	qi	亓,戚,漆,祁,齐	0.2540
pinyin	qi diao	漆雕	0
pinyin	qian	钱	0.1900
pinyin	qiang	强	0.0140
pinyin	qiao	乔	0.1300
pinyin	qidiao	漆雕	0
pinyin	qin	秦	0.4700
pinyin	qin ming	钦明	0
pinyin	qing	卿	0.0130
pinyin	qinming	钦明	0
pinyin	qiu	仇,裘,邱	0.3600
pinyin	qu	区,屈,曲,瞿	0.1620
pinyin	quan	全,权	0.0470
pinyin	que	阙	0.0110
pinyin	ran	冉	0.0730
pinyin	rao	饶	0.0550
pinyin	ren	任	0.4100
pinyin	rong	容,戎,荣	0.0486
pinyin	ru	茹	0.0090
pinyin	ruan	阮	0.0820
pinyin	rui	芮	0.0110
pinyin	sang	桑	0.0280
pinyin	sha	沙	0.0300
pinyin	shan	单	0.0760
pinyin	shang	商,尚	0.1120
pinyin	shang guan	上官	0
pinyin	shangguan	上官	0
pinyin	shao	邵	0.2000
pinyin	she	佘	0.0250
pinyin	shen	沈,申	0.5200
pinyin	shen tu	申屠	0
pinyin	sheng	盛	0.0740
pinyin	shentu	申屠	0
pinyin	shi	史,师,施,时,石	0.7810
pinyin	shu	束,舒	0.0888
pinyin	shuai	帅	0.0140
pinyin	si	司,斯	0.0510
pinyin	si gua	司寡	0
pinyin	si kong	司空	0
pinyin	si ma	司马	0
pinyin	si tu	司徒	0
pinyin	sigua	司寡	0
pinyin	sikong	司空	0
pinyin	sima	司马	0
pinyin	situ	司徒	0
pinyin	song	宋	0.7000
pinyin	su	宿,粟,苏	0.4863
pinyin	sui	隋	0.0300
pinyin	sun	孙	1.3800
pinyin	suo	索	0.0120
pinyin	tai	邰	0.0100
pinyin	tai shu	太叔	0
pinyin	taishu	太叔	0
pinyin	tan	檀,覃,谈,谭	0.4098
pinyin	tan tai	澹台	0
pinyin	tang	唐,汤	0.8600
pinyin	tantai	澹台	0
pinyin	tao	陶	0.2100
pinyin	teng	滕	0.0550
pinyin	tian	田	0.5200
pinyin	tong	仝,佟,童	0.1270
pinyin	tu	屠,涂	0.0890
pinyin	wan	万	0.1900
pinyin	wang	汪,王	7.5300
pinyin	wei	位,卫,危,尉,韦,魏	0.8375
pinyin	wei sheng	微生	0
pinyin	weisheng	微生	0
pinyin	wen	文,温,闻	0.3260
pinyin	wen ren	闻人	0
pinyin	weng	翁	0.0730
pinyin	wenren	闻人	0
pinyin	wu	乌,伍,吴,巫,武,邬	2.3810
pinyin	wu ma	巫马	0
pinyin	wuma	巫马	0
pinyin	xi	奚,席	0.0530
pinyin	xi men	西门	0
pinyin	xia	夏	0.3200
pinyin	xia hou	夏侯	0
pinyin	xiahou	夏侯	0
pinyin	xian	冼,鲜	0.0262
pinyin	xian yu	鲜于	0
pinyin	xiang	向,相,项	0.2250
pinyin	xianyu	鲜于	0
pinyin	xiao	萧	0.5600
pinyin	xie	解,谢	0.8130
pinyin	ximen	西门	0
pinyin	xin	信,辛	0.0767
pinyin	xing	幸,邢	0.1465
pinyin	xiong	熊	0.2900
pinyin	xiu	修	0.0100
pinyin	xu	徐,胥,许	2.1310
pinyin	xuan	宣	0.0120
pinyin	xuan yuan	轩辕	0
pinyin	xuanyuan	轩辕	0
pinyin	xue	薛	0.2600
pinyin	yan	严,晏,燕,鄢,阎,颜	0.6580
pinyin	yang	杨,羊,阳	3.2800
pinyin	yang jiao	羊角	0
pinyin	yang she	羊舌	0
pinyin	yangjiao	羊角	0
pinyin	yangshe	羊舌	0
pinyin	yao	姚,尧	0.4060
pinyin	ye	冶,叶	0.4871
pinyin	yi	伊,易,衣	0.1527
pinyin	yin	印,尹,殷,银,阴	0.3942
pinyin	ying	应	0.0330
pinyin	yong	雍	0.0100
pinyin	you	尤,游,由	0.1290
pinyin	yu	于,余,俞,喻,於,玉,禹,虞,郁	1.1978
pinyin	yu chi	尉迟	0
pinyin	yu wen	宇文	0
pinyin	yuan	元,原,苑,袁	0.5519
pinyin	yuchi	尉迟	0
pinyin	yue	岳	0.1320
pinyin	yun	雲	0.0120
pinyin	yuwen	宇文	0
pinyin	zai fu	宰父	0
pinyin	zaifu	宰父	0
pinyin	zan	昝	0.0066
pinyin	zang	臧	0.0320
pinyin	zeng	曾	0.5800
pinyin	zha	查	0.0250
pinyin	zhai	翟	0.1100
pinyin	zhan	展,战,湛,詹	0.1334
pinyin	zhang	张,章	6.8600
pinyin	zhang sun	长孙	0
pinyin	zhangsun	长孙	0
pinyin	zhao	赵	2.0000
pinyin	zhen	甄	0.0270
pinyin	zheng	郑	0.9300
pinyin	zhi	支,智,植	0.0259
pinyin	zhong	仲,钟	0.4270
pinyin	zhong sun	仲孙	0
pinyin	zhongsun	仲孙	0
pinyin	zhou	周	1.9000
pinyin	zhu	朱,祝,诸	1.3789
pinyin	zhu fu	主父	0
pinyin	zhu ge	诸葛	0
pinyin	zhuang	庄	0.1200
pinyin	zhufu	主父	0
pinyin	zhuge	诸葛	0
pinyin	zhuo	卓	0.0430
pinyin	zong	宗	0.0340
pinyin	zong zheng	宗政	0
pinyin	zongzheng	宗政	0
pinyin	zou	邹	0.3000
pinyin	zu	祖	0.0130
pinyin	zuo	左	0.1000
pinyin	zuo qiu	左丘	0
pinyin	zuoqiu	左丘	0
romanization_variant	ch'ang	常	0
romanization_variant	ch'en	谌,陈	0
romanization_variant	ch'eng	成,程	0
romanization_variant	ch'ien	钱	0
romanization_variant	ch'in	秦	0
romanization_variant	chan	谌,陈	0
romanization_variant	chang	张,章	0
romanization_variant	chao	赵	0
romanization_variant	cheng	郑	0
romanization_variant	cheung	张,章	0
romanization_variant	chiu	仇,裘,邱	0
romanization_variant	chou	周	0
romanization_variant	chow	周	0
romanization_variant	chu	朱,祝,诸	0
romanization_variant	chung	仲,钟	0
romanization_variant	ho	何,和,贺,赫	0
romanization_variant	hsu	徐,胥,许	0
romanization_variant	ko	戈,盖,葛	0
romanization_variant	kung	孔	0
romanization_variant	kuo	国,郭	0
romanization_variant	kwan	关,官,管	0
romanization_variant	lau	刘,柳	0
romanization_variant	leung	梁	0
romanization_variant	lo	罗,骆	0
romanization_variant	lyu	吕	0
romanization_variant	mak	莫	0
romanization_variant	ng	乌,伍,吴,巫,武,邬	0
romanization_variant	siu	萧	0
romanization_variant	soong	宋	0
romanization_variant	szeto	司徒	0
romanization_variant	tam	檀,覃,谈,谭	0
romanization_variant	tang	党	0
romanization_variant	teng	邓	0
romanization_variant	ts'ao	曹	0
romanization_variant	ts'ui	崔	0
romanization_variant	tsai	蔡	0
romanization_variant	tse	解,谢	0
romanization_variant	tung	董	0
romanization_variant	wong	汪,王,黄	0
romanization_variant	yeung	杨,羊,阳	0
romanization_variant	yip	冶,叶	0
